<?xml version='1.0' encoding='UTF-8' ?>
<timeLogEntries>
  <time id="1" path="/Sistema de Notificaciones/PSP1/Planning" start="@1728778332168" delta="34" />
  <time id="2" path="/Sistema de Notificaciones/PSP1/Planning" start="@1728785739156" delta="33" />
  <time id="3" path="/Sistema de Notificaciones/PSP1/Design" start="@1728787865236" delta="33" />
  <time id="4" path="/Sistema de Notificaciones/PSP1/Code" start="@1728789835002" delta="45" />
  <time id="5" path="/Sistema de Notificaciones/PSP1/Compile" start="@1728792539169" delta="68" />
  <time id="6" path="/Sistema de Notificaciones/PSP1/Test" start="@1728859479818" delta="14" />
  <time id="7" path="/Sistema de Notificaciones/PSP1/Postmortem" start="@1728861232197" delta="1" />
  <time id="8" path="/Sistema de Notificaciones/PSP2/Planning" start="@1730232724766" delta="7" />
  <time id="9" path="/Sistema de Notificaciones/PSP2/Planning" start="@1730234150603" delta="38" />
  <time id="10" path="/Sistema de Notificaciones/PSP2/Design" start="@1730236459382" delta="20" />
  <time id="11" path="/Sistema de Notificaciones/PSP2/Design Review" start="@1730237667218" delta="16" />
  <time id="12" path="/Sistema de Notificaciones/PSP2/Code" start="@1730238989279" delta="5" />
  <time id="13" path="/Sistema de Notificaciones/PSP2/Compile" start="@1730239260077" delta="22" />
  <time id="14" path="/Sistema de Notificaciones/PSP2/Test" start="@1730240617698" delta="34" interrupt="3" />
  <time id="15" path="/Sistema de Notificaciones/PSP2/Postmortem" start="@1730243203038" delta="6" />
</timeLogEntries>
